<?xml version="1.0"?>

<config xmlns:xsi="http://www.w3.org/2001/XMLSchema-instance" xsi:noNamespaceSchemaLocation="urn:magento:framework:Acl/etc/acl.xsd">

   <acl>

       <resources>

           <resource id="Magento_Backend::admin">

               <resource id="Magento_Backend::system">

                   <resource id="Magento_Backend::convert">

                       <resource id="Bss_DynamicRows::dynamic_rows" title="Dynamic Rows"/>

                   </resource>

               </resource>

           </resource>

       </resources>

   </acl>

</config>