{
    "dynamic_rows2": {
        "column": {
            "rows_id": true,
            "title_id": true,
            "name": true,
            "content": true,
            "status": true,
            "sex": true,
            "position": true,
            "birthday": true,
            "created_at": true,
            "updated_at": true
        },
        "index": {
            "DYNAMIC_ROWS2_TITLE_ID": true
        },
        "constraint": {
            "PRIMARY": true,
            "DYNAMIC_ROWS2_TITLE_ID_DYNAMIC_TITLE2_TITLE_ID": true
        }
    },
    "dynamic_title2": {
        "column": {
            "title_id": true,
            "Title": true,
            "position": true
        },
        "index": {
            "DYNAMIC_TITLE2_TITLE_ID": true
        },
        "constraint": {
            "PRIMARY": true,
            "DYNAMIC_TITLE2_TITLE_ID_DYNAMIC_ROWS2_ROWS_ID": true
        }
    },
    "dynamic_rows3": {
        "column": {
            "rows_id": true,
            "title_id": true,
            "name": true,
            "content": true,
            "status": true,
            "sex": true,
            "position": true,
            "birthday": true,
            "created_at": true,
            "updated_at": true,
            "id": true
        },
        "constraint": {
            "PRIMARY": true
        }
    },
    "dynamic_title3": {
        "column": {
            "title_id": true,
            "Title": true,
            "title": true
        },
        "constraint": {
            "PRIMARY": true
        }
    }
}