<?xml version="1.0"?>
<schema xmlns:xsi="http://www.w3.org/2001/XMLSchema-instance" xsi:noNamespaceSchemaLocation="urn:magento:framework:Setup/Declaration/Schema/etc/schema.xsd">

    <table name="dynamic_rows3" resource="default" engine="innodb" comment="Add More Table">
        <column xsi:type="int" name="rows_id" padding="10" unsigned="true" nullable="false" identity="true" comment="Id"/>
        <column xsi:type="int" name="title_id" padding="10" unsigned="true" nullable="false" comment="Title/User Id"/>
        <column xsi:type="varchar" name="name" nullable="false" length="255" comment="Name"/>
        <column xsi:type="varchar" name="content" nullable="true" length="255" comment="Blog Content" disabled="true"/>
        <column xsi:type="varchar" name="status" nullable="true" length="255" comment="Blog Status" disabled="true"/>
        <column xsi:type="varchar" name="sex" nullable="false" length="50" comment="Sex"/>
        <column xsi:type="int" name="position" nullable="false" comment="Position"/>
        <column xsi:type="date" name="birthday" padding="11" unsigned="false" nullable="false" default="0" comment="Birthday Date"/>
        <column xsi:type="timestamp" name="created_at" on_update="false" nullable="false" default="CURRENT_TIMESTAMP" comment="Creation Time"/>
        <column xsi:type="timestamp" name="updated_at" on_update="true" nullable="false" default="CURRENT_TIMESTAMP" comment="Updated At"/>
        <constraint xsi:type="primary" referenceId="PRIMARY">
            <column name="rows_id"/>
        </constraint>
        <!-- <index referenceId="DYNAMIC_ROWS_ID" indexType="btree">
            <column name="title_id"/>
        </index> -->
    </table>


    <table name="dynamic_title3" resource="default" engine="innodb" comment="Add More Title Table">
        <column xsi:type="int" name="title_id" padding="10" unsigned="true" nullable="false" identity="true" comment="Entity Id"/>
        <column xsi:type="varchar" name="title" nullable="false" length="255" comment="Title"/>
        <constraint xsi:type="primary" referenceId="PRIMARY">
            <column name="title_id"/>
        </constraint>
        <!-- <constraint xsi:type="foreign" referenceId="TITLE_COMMENT" table="dynamic_title2" column="title_id" referenceTable="dynamic_rows2" referenceColumn="rows_id" onDelete="CASCADE"/> -->
      <!--   <index referenceId="DYNAMIC_TITLE_ID" indexType="btree">
            <column name="title_id"/>
        </index> -->
    </table>
</schema>