<?xml version="1.0"?>
<schema xmlns:xsi="http://www.w3.org/2001/XMLSchema-instance"
        xsi:noNamespaceSchemaLocation="urn:magento:framework:Setup/Declaration/Schema/etc/schema.xsd">

    <!-- Title table creation -->
        
    <table name="dynamictitle" resource="default" engine="innodb" comment="Custom Table">
        <column xsi:type="int" name="id"  nullable="false" identity="true" comment="ID"/>
        <column xsi:type="varchar" name="title" nullable="true" length="255" default="null" comment="title"/>
        <constraint xsi:type="primary" referenceId="PRIMARY">
            <column name="id"/>
        </constraint>
    </table>

    <!-- Dynamic rows table creation -->

    <table name="dynamicrows" resource="default" engine="innodb" comment="Add More Table">
        <column xsi:type="int" name="id" nullable="false" identity="true" comment="Id"/>
        <column xsi:type="int" name="title_id" nullable="false" comment="Title/User Id"/>
        <column xsi:type="varchar" name="name" nullable="false" length="255" comment="Name"/>
        <column xsi:type="varchar" name="content" nullable="true" length="255" comment="Blog Content" disabled="true"/>
        <column xsi:type="varchar" name="status" nullable="true" length="255" comment="Blog Status" disabled="true"/>
        <column xsi:type="varchar" name="sex" nullable="false" length="50" comment="Sex"/>
        <column xsi:type="int" name="position" nullable="false" comment="Position"/>
        <column xsi:type="date" name="birthday"   nullable="false" comment="Birthday Date"/>
        <column xsi:type="timestamp" name="created_at" on_update="false" nullable="false" default="CURRENT_TIMESTAMP" comment="Creation Time"/>
        <column xsi:type="timestamp" name="updated_at" on_update="true" nullable="false" default="CURRENT_TIMESTAMP" comment="Updated At"/>
        <constraint xsi:type="primary" referenceId="PRIMARY">
            <column name="id"/>
        </constraint>
    </table>
</schema>
