<?xml version="1.0"?>
<schema xmlns:xsi="http://www.w3.org/2001/XMLSchema-instance"
        xsi:noNamespaceSchemaLocation="urn:magento:framework:Setup/Declaration/Schema/etc/schema.xsd">
    <table name="log" resource="default" engine="innodb" comment="Custom Table">
        <column xsi:type="int" name="id" unsigned="true" nullable="false" identity="true" comment="ID"/>
        <column xsi:type="varchar" name="log" nullable="true" length="255" default="null" comment="Log"/>
        <column xsi:type="varchar" name="comment" nullable="true"  length="255" default="null" comment="Comment"/>
        <constraint xsi:type="primary" referenceId="PRIMARY">
            <column name="id"/>
        </constraint>
    </table>
</schema>
